index,published,keyword,domain,language,valid,title,description,url,image,archive,content,quote
5436abb5fa85e109a50cf8102bd9524b,2025-11-01T07:00:00Z,'heiße Temperaturen',www.computerbase.de,de,0.1,Im Test vor 15 Jahren: Die Nvidia GeForce GTX 580 war die bessere GTX 480,"Auf die extrem schnelle, aber zugleich energiehungrige, heiße und ohrenbetäubende GeForce GTX 480 folgte mit der GeForce GTX 580 (Test) eine Verbesserung in allen Lebenslagen. Neben noch mehr Leistung bot die GeForce GTX 580 eine wesentlich bessere Kühlung un…",https://www.computerbase.de/news/grafikkarten/im-test-vor-15-jahren-die-nvidia-geforce-gtx-580-war-die-bessere-gtx-480.94869/,https://pics.computerbase.de/1/1/9/9/3/9-c9f48a37c0bd4700/article-1280x720.0d7b1c4a.jpg,,"Auf die extrem schnelle, aber zugleich energiehungrige, heiße und ohrenbetäubende GeForce GTX 480 folgte mit der GeForce GTX 580 (Test) eine Verbesserung in allen Lebenslagen. Neben noch mehr Leistun… [+3844 chars]",
3877ab543efbc596801ac23e13dee374,2025-11-03T13:15:00Z,'heiße Temperaturen',t3n.de,de,0.1,Heiße Ziegelsteine: So soll eine thermische Batterie Emissionen reduzieren,"Rondo Energy will mit solar-elektrisch erhitzten Ziegelsteinen die industrielle Fertigung grüner machen. Dafür sollen sie Wärme liefern – allerdings ausgerechnet für ein fossiles Unterfangen.
weiterlesen auf t3n.de",https://t3n.de/news/heisse-ziegelsteine-thermische-batterie-emissionen-1714071/,https://cdn.t3n.de/news/wp-content/uploads/2025/10/Credit_-Rondo-Energy_DSC09597_Edit_001a.jpg?class=content,,"Rondo Energy hat kürzlich die nach eigenen Angaben weltweit größte thermische Batterie in Betrieb genommen: ein Energiespeichersystem, das Strom aufnehmen und eine konstante Wärmequelle bereitstellen… [+5611 chars]",
a175af9c490a6dab669de95d22f6fed5,2025-11-03T13:54:44Z,'Hitzeschutzplan',www.nzz.ch,de,0.1,Eine Million Bäume für Berlin: Trotz unklarer Finanzierung beschliesst das Landesparlament die Baumpflanzaktion,"Rund 3,2 Milliarden Euro sind für das neue Baumgesetz vorgesehen. Ein Teil des Geldes soll aus dem Sondervermögen der deutschen Regierung kommen. Damit sollten eigentlich Schulen, Strassen und Brücken saniert werden.",https://www.nzz.ch/international/eine-million-baeume-fuer-berlin-trotz-unklarer-finanzierung-beschliesst-das-landesparlament-die-baumpflanzaktion-ld.1910007,"https://img.nzz.ch/2025/11/03/7b69b4d9-071a-420f-b52f-32a0688b4e45.jpg?width=1200&height=674&fit=bounds&quality=75&auto=webp&crop=4500,2531,x0,y444&wmark=nzz",,"Rund 3,2 Milliarden Euro sind für das neue Baumgesetz vorgesehen. Ein Teil des Geldes soll aus dem Sondervermögen der deutschen Regierung kommen. Damit sollten eigentlich Schulen, Strassen und Brücke… [+3916 chars]",
56031f77f5d68a3acc4f785577f5c89c,2025-11-05T06:00:13Z,'Wasserknappheit',www.zeit.de,de,0.1,Getränkehersteller: Red Bull plant Dosen-Werk und entfacht neuen Wasser-Streit,Hier finden Sie Informationen zu dem Thema „Getränkehersteller“. Lesen Sie jetzt „Red Bull plant Dosen-Werk und entfacht neuen Wasser-Streit“.,https://www.zeit.de/news/2025-11/05/red-bull-plant-dosen-werk-und-entfacht-neuen-wasser-streit,https://img.zeit.de/news/2025-11/05/red-bull-plant-dosen-werk-und-entfacht-neuen-wasser-streit-image-group/wide__1300x731,,Die Landesregierung feierte die Übernahme als Erfolgsgeschichte: Die österreichischen Unternehmen Red Bull und Rauch kauften 2023 den auf der Kippe stehende Getränkeabfüller Urstromquelle im brandenb… [+4577 chars],
73b19ca332551acf7e0a4c5352b31a31,2025-11-05T06:00:13Z,'Wasserknappheit',www.stern.de,de,0.1,Getränkehersteller: Red Bull plant Dosen-Werk und entfacht neuen Wasser-Streit,Red Bull will im Süden Brandenburgs ein Dosen-Werk bauen - und trifft auf Protest. Das Millionenprojekt entfacht einen neuen Wasser-Streit - nach dem Zoff bei Tesla.,https://www.stern.de/gesellschaft/regional/berlin-brandenburg/getraenkehersteller--red-bull-plant-dosen-werk-und-entfacht-neuen-wasser-streit-36189838.html,https://image.stern.de/36189840/t/Kr/v1/w1440/r1.7778/-/05--6ub7uuojjyv25axs2048jpeg---b6b594122187fbc8.jpg,,"Kopiere den aktuellen Link
Zur Merkliste hinzufügen
Red Bull will im Süden Brandenburgs ein Dosen-Werk bauen - und trifft auf Protest. Das Millionenprojekt entfacht einen neuen Wasser-Streit - nach… [+5027 chars]",
f78ecfa1775c89f158d84d6cfa26309a,2025-11-05T06:01:44Z,'Wasserknappheit',www.tagesspiegel.de,de,0.1,Getränkehersteller: Red Bull plant Dosen-Werk und entfacht neuen Wasser-Streit,Red Bull will im Süden Brandenburgs ein Dosen-Werk bauen - und trifft auf Protest. Das Millionenprojekt entfacht einen neuen Wasser-Streit - nach dem Zoff bei Tesla.,https://www.tagesspiegel.de/berlin/getrankehersteller-red-bull-plant-dosen-werk-und-entfacht-neuen-wasser-streit-14758751.html,https://www.tagesspiegel.de/images/14758748/alternates/BASE_16_9_W1400/1762322504000/red-bull-plant-dosen-werk-und-entfacht-neuen-wasser-streit.jpeg,,Die Landesregierung feierte die Übernahme als Erfolgsgeschichte: Die österreichischen Unternehmen Red Bull und Rauch kauften 2023 den auf der Kippe stehende Getränkeabfüller Urstromquelle im brandenb… [+4633 chars],
5df3be520cf9192b33ee1abaf2142a47,2025-11-05T09:23:05Z,'Emissionsreduktion',www.faz.net,de,0.1,Verkehr und Gebäude: EU-Staaten verschieben Start des Emissionshandels um ein Jahr,Nach stundenlangen Beratungen haben sich die Umweltminister in Brüssel auf ein abgeschwächtes Klimaziel für 2040 geeinigt. Die EU-weiten CO2-Preise in Gebäude und Verkehr sollen außerdem erst später eingeführt werden.,https://www.faz.net/aktuell/wirtschaft/klima-nachhaltigkeit/eu-staaten-verschieben-start-des-emissionshandels-um-ein-jahr-accg-110764808.html,https://media0.faz.net/ppmedia/w1200/aktuell/1130505127/1.10764980/facebook_teaser/9c723996-b97f-11f0-81f5.jpg.webp,,Einmal im Jahr bekommt die internationale Klimapolitik ihre ganz große Bühne: auf der Klimakonferenz der Vereinten Nationen. Auch in diesen Tagen machen sich wieder Tausende Delegierte aus aller Welt… [+6945 chars],
069236fb2ae5333df89f7c8a333cbbac,2025-11-05T15:19:29Z,'Klimawandelanpassung',www.diepresse.com,de,0.1,"Die Wohltat des Schattenparkens auch im Winter. Sinnvoll schenken, Teil 4 [premium]",Origineller als Gutscheine oder Geschenkkörbe: Ein entsiegelter Schattenparkplatz wäre ein schönes Weihnachtsgeschenk für die Familie – oder alle Mitarbeiter.,https://www.diepresse.com/20273739/die-wohltat-des-schattenparkens-auch-im-winter-sinnvoll-schenken-teil-4,https://img.diepresse.com/public/incoming/cqztz7-Wien/alternates/DPR_SOCIAL_MEINUNG/Wien,,"Derzeit bläst uns der Zeitgeist Abgase und Feinstaub ins Gesicht. Die Benzinbrüder spüren wieder Rückenwind. Daran, dass die Hitzesommer künftig häufiger, länger und beschwerlicher werden, Dürren wie… [+4314 chars]",
1e114de0da976fd02157616f5be387a8,2025-11-06T10:55:00Z,'Emissionsreduktion',www.freitag.de,de,0.1,Verfehltes Klimaziel: António Guterres erwartet „verheerende Konsequenzen“,"Die Staats- und Regierungschefs reisen nach Brasilien, um die Klimakonferenz vorzubereiten, auch Friedrich Merz ist dabei. António Guterres sieht das 1,5-Grad-Ziel gerissen, warnt vor „zerstörerischen Folgen“ und fordert mehr Einsatz Die Menschheit habe es ni…",https://www.freitag.de/autoren/the-guardian/klimakonferenz-cop30-un-generalsekretaer-appelliert-an-die-staatschefs,https://www.freitag.de/autoren/the-guardian/klimakonferenz-cop30-un-generalsekretaer-appelliert-an-die-staatschefs/@@images/image/great,,"Die Menschheit habe es nicht geschafft, die Erderwärmung auf 1,5 Grad Celsius zu beschränken. Sie müsse ihren Kurs sofort ändern, forderte UN-GeneralsekretärAntónio Guterres.In seinem einzigen Interv… [+7081 chars]",
5f2576797dfb59529fe6f6d684e79cc0,2025-11-06T14:30:00Z,'heiße Temperaturen',www.urlaubspiraten.de,de,0.1,Winterflucht Gran Canaria: Zwischen Sanddünen und Atlantik,"Heiße Winterflucht-Deals für den anstehenden Winter im Anflug! Sommer war meh - und deshalb verstehen wir, wenn der Sonnendurst nach den letzten Monaten noch nicht gestillt ist. Ja, denn irgendwie haben es eher die Sommerklamotten geschafft im Schrank einzu…",https://www.urlaubspiraten.de/pauschalreisen/winterflucht-gran-canaria,https://image.urlaubspiraten.de/720/image/upload/v1623404191/Impressions%20and%20Other%20Assets/Maspalomas%20Gran%20Canaria.jpg,,"Heiße Winterflucht-Deals für den anstehenden Winter im Anflug! 
Sommer war meh - und deshalb verstehen wir, wenn der Sonnendurst nach den letzten Monaten noch nicht gestillt ist. Ja, denn irgendwie … [+855 chars]",
b1a429b6140454d9c64ff0ddac5e3e2b,2025-11-07T16:00:31Z,'Temperatur Schatten',www.bild.de,de,0.1,Forschern fehlen die Worte - Das Rätsel um den Aal im Bermuda-Dreieck,"Jeder Aal schwimmt eines Tages ins Bermuda-Dreieck. Warum sie das tun und wie sie wieder zurückkommen, ist immer noch ein Rätsel.",https://www.bild.de/leben-wissen/haustiere/forscher-koennen-es-nicht-loesen-das-raetsel-um-aale-im-bermuda-dreieck-6901fdf08ef09a6aa251ca18,"https://images.bild.de/6901fdf08ef09a6aa251ca18/33555135de4e0854ba28bc8901fc6c0d,118919d6?w=1280",,"Ein dunkler Schatten gleitet durchs Wasser, schlängelt sich zwischen Steinen hindurch, verschwindet im trüben Flussgrund und eines Tages ist er einfach weg. Kein Mensch weiß, wohin. Kein Taucher hat … [+3486 chars]",
2badda9895d622a2c9a511ed9ac73877,2025-11-08T09:21:36Z,'Klimawandelanpassung',www.diepresse.com,de,0.1,"Was bleibt von der Party in Paris? Fünf Wege, wie die Klimakonferenz in Brasilien trotz allem ein Erfolg wird [premium]","Im brasilianischen Belém verhandeln China, Europa und andere Staaten bei der 30. Weltklimakonferenz zwei Wochen lang, wie sie die Erderwärmung bremsen, ihre Folgen abfedern und all das finanzieren wollen. Die Zeiten dafür waren schon einmal besser. Unmöglich …",https://www.diepresse.com/20278604/was-bleibt-von-der-party-in-paris-fuenf-wege-wie-die-klimakonferenz-in,https://img.diepresse.com/public/incoming/wo6g23-CLIMATE-COP30BRAZIL-ACCOMMODATION/alternates/DPR_SOCIAL_MAGAZIN/CLIMATE-COP30BRAZIL-ACCOMMODATION,,"Als Brasilien vor zwei Jahren zum Gastgeber der 30.Weltklimakonferenz (COP30) ernannt wurde, schien alles angerichtet, um hier das Zehnjahresjubiläum des Pariser Klimaabkommens zu feiern. Doch wenn d… [+6316 chars]",
58deb6db7093ed31a6e69078ecaf8ed7,2025-11-09T09:44:12Z,'Wasserknappheit',www.zeit.de,de,0.1,Wasserverbrauch: Bund: Genaue Wasserprüfung für Red-Bull-Werk in Baruth,Hier finden Sie Informationen zu dem Thema „Wasserverbrauch“. Lesen Sie jetzt „Bund: Genaue Wasserprüfung für Red-Bull-Werk in Baruth“.,https://www.zeit.de/news/2025-11/09/bund-genaue-wasserpruefung-fuer-red-bull-werk-in-baruth,https://img.zeit.de/news/2025-11/09/bund-genaue-wasserpruefung-fuer-red-bull-werk-in-baruth-image-group/wide__1300x731,,Der Wasserverbrauch beim geplanten Ausbau der Getränke-Produktion der Firmen Rauch und Red Bull in Brandenburg wird nach Darstellung des Bundesumweltministeriums genau geprüft. «Die Erteilung von Was… [+1382 chars],
43a90d6b5714411d918fb55f246d41ab,2025-11-09T09:44:12Z,'Wasserknappheit',www.stern.de,de,0.1,Wasserverbrauch: Bund: Genaue Wasserprüfung für Red-Bull-Werk in Baruth,Baruth/Mark (bb) - Der Wasserverbrauch beim geplanten Ausbau der Getränke-Produktion der Firmen Rauch und Red Bull in Brandenburg wird nach Darstellung,https://www.stern.de/gesellschaft/regional/berlin-brandenburg/wasserverbrauch--bund--genaue-wasserpruefung-fuer-red-bull-werk-in-baruth-36268096.html,https://image.stern.de/36268098/t/5Q/v1/w1440/r1.7778/-/09--jthadtymjhv6axs2048jpeg---9f7e93e09a8c8da4.jpg,,"Kopiere den aktuellen Link
Zur Merkliste hinzufügen
Red Bull plant ein Dosen-Werk in Brandenburg. Das stößt auf Bedenken wegen des Wassers. Das Bundesumweltministerium äußert sich zur Wasserentnahm… [+1545 chars]",
70c56f0d8e0de8bba0e914a60bb6d01c,2025-11-09T09:45:30Z,'Wasserknappheit',www.tagesspiegel.de,de,0.1,Wasserverbrauch: Bund: Genaue Wasserprüfung für Red-Bull-Werk in Baruth,Red Bull plant ein Dosen-Werk in Brandenburg. Das stößt auf Bedenken wegen des Wassers. Das Bundesumweltministerium äußert sich zur Wasserentnahme.,https://www.tagesspiegel.de/berlin/wasserverbrauch-bund-genaue-wasserprufung-fur-red-bull-werk-in-baruth-14791187.html,https://www.tagesspiegel.de/images/14791184/alternates/BASE_16_9_W1400/1762681530000/red-bull-plant-dosen-werk-und-entfacht-neuen-wasser-streit.jpeg,,Der Wasserverbrauch beim geplanten Ausbau der Getränke-Produktion der Firmen Rauch und Red Bull in Brandenburg wird nach Darstellung des Bundesumweltministeriums genau geprüft. Die Erteilung von Wass… [+1430 chars],
cedc277fd414c6ed8e7b0c2b817f4975,2025-11-09T09:45:30Z,'Wasserknappheit',www.tagesspiegel.de,de,0.1,Vor Ausbau der Produktion in Baruth: Bund bestätigt genaue Wasserprüfung für Red-Bull-Werk,Red Bull plant ein Dosen-Werk in Brandenburg. Das stößt auf Bedenken wegen des Wassers. Das Bundesumweltministerium äußert sich zur Wasserentnahme.,https://www.tagesspiegel.de/potsdam/brandenburg/vor-ausbau-der-produktion-in-baruth-bund-bestatigt-genaue-wasserprufung-fur-red-bull-werk-14791187.html,https://www.tagesspiegel.de/images/14791184/alternates/BASE_16_9_W1400/1762706275000/red-bull-plant-dosen-werk-und-entfacht-neuen-wasser-streit.jpeg,,"Der Wasserverbrauch beim geplanten Ausbau der Getränke-Produktion der Firmen Rauch und Red Bull in Brandenburg wird nach Darstellung des Bundesumweltministeriums genau geprüft.
Die Erteilung von Was… [+1649 chars]",
ef66cb3399221a6da04e258624e97142,2025-11-09T12:03:31Z,'Wasserknappheit',www.stern.de,de,0.1,Dürre im Iran: Regierung plant zeitweise Kappung von Wasser in großen Städten,"Der Iran wird von einer beispiellosen Dürre heimgesucht, die vor allem die großen Städte des Landes zu Einschränkungen bei der Wasserversorgung zwingen könnte. In den Stauseen, welche die zweitgrößte iranische Stadt Maschhad mit Wasser versorgen, sank der Was…",https://www.stern.de/news/duerre-im-iran--regierung-plant-zeitweise-kappung-von-wasser-in-grossen-staedten-36240750.html,https://image.stern.de/36271456/t/_V/v1/w1440/r1.7778/-/09--teheran-leidet-unter-wasserknappheit---91a7aca30ab226a3.jpg,,"Kopiere den aktuellen Link
Zur Merkliste hinzufügen
Der Iran wird von einer beispiellosen Dürre heimgesucht, die vor allem die großen Städte des Landes zu Einschränkungen bei der Wasserversorgung z… [+3662 chars]",
ffa48fe87858371be5b8034866bdeeeb,2025-11-09T13:08:00Z,'Wasserknappheit',www.dw.com,de,0.1,Dürre: Iran führt landesweite Wasserrationierung ein,"Nach Monaten ohne nennenswerten Regen verschärft sich die Lage in vielen Regionen im Iran. Behörden setzen auf nächtliche Abschaltungen und appellieren an die Bevölkerung, Wasser zu speichern und zu sparen. Die Wasserkrise im Iran erreicht ein alarmierendes A…",https://www.dw.com/de/d%C3%BCrre-iran-f%C3%BChrt-landesweite-wasserrationierung-ein/a-74678622,https://static.dw.com/image/74678797_6.jpg,,"Die Wasserkrise im Iran erreicht ein alarmierendes Ausmaß. Mehrere Stauseen des Landes stehen laut einem Bericht der staatlichen Tageszeitung Ettelaat kurz vor dem vollständigen Austrocknen. ""Der Cou… [+3832 chars]",
0b24d11698cb406dc2e275675a443093,2025-11-09T13:50:53Z,'Wasserknappheit',www.morgenpost.de,de,0.1,Extremer Wassermangel im Iran – Teheran droht Evakuierung,"Im Iran droht eine historische Wasserkrise: Stauseen sind leer, Millionen Menschen sind betroffen – und Teheran drohen drastische Maßnahmen.",https://www.morgenpost.de/panorama/article410414141/extremer-wassermangel-im-iran-teheran-droht-evakuierung.html,https://img.sparknews.funkemedien.de/410414159/410414159_1762696253_v16_9_1600.jpeg,,"Der Iran steht vor einer der schwersten Wasserkrisen seiner Geschichte, die weite Teile des Landes und Millionen Menschen betrifft. Stauseen und Grundwasserreservoirs drohen auszutrocknen, Experten w… [+4541 chars]",
e1dd600cde6df61164976bac931ceb84,2025-11-10T17:55:00Z,'Temperatur Schatten',www.gamestar.de,de,0.1,Deals: Wunderschönes Handy - Aber kaum einer kennt es - und das ist schade! [Anzeige],"Es gibt wenige Handys, die einzigartig sind - dieses zählt dazu. Leider kennt es hierzulande kaum jemand. Schade! In meinen Augen ist es nämlich auch ein richtig starker Preis-Leistungs-Tipp zum Black Friday!","https://www.gamestar.de/artikel/handy-geheimtipp-xiaomi-samsung-android-5g-guenstig,3442661.html",https://images.cgames.de/images/gamestar/293/-realme-14-pro-handy-5g-smartphone-neu-2025-bestes-handy-handykamera-xiaomi-samsung-alternative-android-wasserdicht_6385168.jpg,,"Xiaomi und Samsung bekommen mächtig Konkurrenz in der Handy-Mittelklasse: Dieses günstige Smartphone ist ein wunderschöner Preis-Leistungs-Tipp!
Xiaomi, Samsung, Google und Apple dominieren seit Jah… [+5872 chars]",
132b725f0cbf00cffaa3e34271861bf6,2025-11-10T18:33:15Z,'Klimawandelanpassung',orf.at,de,0.1,Abwesende Gäste und eindringliche Appelle,Zum Auftakt der 30. UNO-Weltklimakonferenz (COP30) im brasilianischen Belem hat es vonseiten der Politik und von Umweltorganisationen eindringliche Appelle gegeben: Angesichts der dramatischen Auswirkungen der Klimakrise müssten die Staaten ihren Verpflichtun…,https://orf.at/stories/3411077/,https://ibs.orf.at/news?image=https%3A%2F%2Fassets.orf.at%2Fmims%2F2025%2F46%2F74%2Fcrops%2Fw%3D1200%2Ch%3D630%2Cq%3D75%2F2829204_master_1092174_klima_cop30_auftakt_veranstaltungsort_body_ap.jpg%3Fs%3D20f5e84e4161b4850ae6723a73a7bfee35382adf,,"US-Präsident Donald Trump gilt als der große abwesende Gast der heurigen Klimakonferenz. Erst kürzlich bezeichnete Trump den Klimawandel als weltweit größten Betrug aller Zeiten, bereits am ersten Ta… [+6005 chars]",
d2749f776c7c94d941af1112e76329da,2025-11-11T03:00:06Z,'stabile Wetterlage',www.stern.de,de,0.1,Weltraumüberwachung: Tor der Bundeswehr ins All steht auf der Schwäbischen Alb,In Meßstetten stehen die ersten Bundeswehr-Teleskope zur Beobachtung etwa von Weltraumschott - und machen den Standort zum zentralen Auge Deutschlands im Weltraum.,https://www.stern.de/gesellschaft/regional/baden-wuerttemberg/weltraumueberwachung--tor-der-bundeswehr-ins-all-steht-auf-der-schwaebischen-alb-36325744.html,https://image.stern.de/36325746/t/kV/v1/w1440/r1.7778/-/11--nzuwck3onmv4axs2048jpeg---fc980fa26757ad5f.jpg,,"Kopiere den aktuellen Link
Zur Merkliste hinzufügen
In Meßstetten stehen die ersten Bundeswehr-Teleskope zur Beobachtung etwa von Weltraumschott - und machen den Standort zum zentralen Auge Deutsch… [+4165 chars]",
f74bd50f28bd761bff27e6ea60470640,2025-11-11T09:12:00Z,'heiße Temperaturen',www.stern.de,de,0.1,Black Friday Presale: Heiße Sache: Shark SpeedStyle Haartrockner für 104 statt 200 Euro shoppen,"Herbstzeit ist Haartrocknerzeit. Besonders schnell geht das mit dem Shark SpeedStyle, den Amazon heute schon zum Spitzenpreis verkauft. Alle Details zum Deal gibt es hier.",https://www.stern.de/kaufkosmos/deals/nur-104-statt-200-euro--beliebter-haartrockner-im-angebot-36332708.html,https://image.stern.de/36332876/t/od/v3/w1440/r1.7778/-/sharkbeautyspeedstyle.jpg,,"Kopiere den aktuellen Link
Zur Merkliste hinzufügen
Herbstzeit ist Haartrocknerzeit. Besonders schnell geht das mit dem Shark SpeedStyle, den Amazon heute schon zum Spitzenpreis verkauft. Alle Deta… [+2361 chars]",
0a0b4ba1b8dfe9f6d7794f36454f292e,2025-11-11T15:00:00Z,'heiße Temperaturen',www.urlaubspiraten.de,de,0.1,Winterflucht Ägypten: Sommerliche Wärme in kürzester Zeit ,"Heiße Winterflucht-Deals für den anstehenden Winter im Anflug! Sommer war meh - und deshalb verstehen wir, wenn der Sonnendurst nach den letzten Monaten noch nicht gestillt ist. Ja, denn irgendwie haben es eher die Sommerklamotten geschafft im Schrank einzu…",https://www.urlaubspiraten.de/pauschalreisen/winterflucht-aegypten-sommerliche-waerme-in-kuerzester-zeit,https://image.urlaubspiraten.de/720/image/upload/v1702045490/mediavault_images/shutterstock_1981039490_ancvev.jpg,,"Heiße Winterflucht-Deals für den anstehenden Winter im Anflug! 
Sommer war meh - und deshalb verstehen wir, wenn der Sonnendurst nach den letzten Monaten noch nicht gestillt ist. Ja, denn irgendwie … [+845 chars]",
5afd55041316d8b1b7d92001b4b21e0b,2025-11-12T17:17:45Z,'Emissionsreduktion',www.tagesspiegel.de,de,0.1,Die CO₂-Emissionen steigen weltweit weiter: Doch es gibt erste Lichtblicke,"Während die weltweiten Emissionen neue Höchstwerte erreichen, zeigen sich in China, Brasilien und der EU Fortschritte. Reichen sie aus, um die Klimaziele einzuhalten?",https://www.tagesspiegel.de/wissen/die-co2-emissionen-steigen-weltweit-weiter-doch-es-gibt-erste-lichtblicke-14809343.html,https://www.tagesspiegel.de/images/14821805/alternates/BASE_16_9_W1400/1762958648000/nordseeinsel-juist-ostfriesland-spazierganger-strand-offshore-windpark-sonnenuntergang-nieders.jpeg,,"Die Welt stößt weiterhin zu viel Kohlendioxid aus. Eine Trendwende bleibt aus: Auch 2025 steigen die globalen CO-Emissionen erneut auf voraussichtlich 42,2 Gigatonnen nach 41,6 Gigatonnen im Jahr 202… [+10487 chars]",
538c745cfdf7c491dec16a79cbe3f581,2025-11-13T03:01:20Z,'Emissionsreduktion',www.tagesspiegel.de,de,0.1,Nachhaltigkeit im Fußball: Urteil: FIFA-Werbung für „klimaneutrale“ WM 2022 irreführend,Bei der Fußball-WM in Katar 2022 betont der Weltfußballverband auch hohe Nachhaltigkeitsstandards. Doch einem Gerichtsurteil zufolge erläutert der Verband die gemachten Versprechen nicht genügend.,https://www.tagesspiegel.de/sport/nachhaltigkeit-im-fussball-urteil-fifa-werbung-fur-klimaneutrale-wm-2022-irrefuhrend-14824412.html,https://www.tagesspiegel.de/images/14824409/alternates/BASE_16_9_W1400/1763002880000/das-lusail-stadion-in-katar.jpeg,,Aussagen des Fußball-Weltverbands FIFA über ein vermeintlich vollständig klimaneutrales Weltmeisterschaftsturnier in Katar im Jahr 2022 waren aus Sicht des Berliner Landgerichts irreführend. Das Geri… [+1695 chars],
5e11cac6fd57e029f5d7eabb3db18088,2025-11-13T09:11:49Z,'Emissionsreduktion',www.welt.de,de,0.1,„Verbraucher getäuscht“ – Gerichtsurteil entlarvt Fifa-Kampagne zur WM 2022,Energieeffiziente Stadien und emissionsarme Transportmittel: Bei der WM 2022 in Katar betont der Weltfußballverband hohe Nachhaltigkeitsstandards. Doch einem Gerichtsurteil zufolge sind die gemachten Versprechungen der Fifa irreführend.,https://www.welt.de/sport/fussball/article691585a8418baeaaac0ea58c/verbraucher-getaeuscht-gerichtsurteil-entlarvt-fifa-kampagne-zur-wm-2022.html,https://images.welt.de/691585a8418baeaaac0ea58c/e146d9a15f4440c19a07e6b0dc04f549/ci16x9-w1200/dpa-com-20090101-251113-935-951773-jpg,,Energieeffiziente Stadien und emissionsarme Transportmittel: Bei der WM 2022 in Katar betont der Weltfußballverband hohe Nachhaltigkeitsstandards. Doch einem Gerichtsurteil zufolge sind die gemachten… [+2280 chars],
77339167c4ad19c36eafa9be9aad821b,2025-11-05T07:44:01Z,'Treibhausgase',www.diepresse.com,de,0.7,Mühsame Einigung über neues EU-Klimaziel für 2040 [premium],"Die EU-Umweltminister einigten sich nach langen Verhandlungen auf eine Reduzierung der Treibhausgase um 90 Prozent auf Basis von 1990 an, doch mit sehr viel Flexibilität für die Wirtschaft.",https://www.diepresse.com/20268323/muehsame-einigung-ueber-neues-eu-klimaziel-fuer-2040,https://img.diepresse.com/public/incoming/hhus9m-BELGIUM-EU-ENVIRONMENT-DIPLOMACY-CLIMATE/alternates/DPR_SOCIAL_NACHRICHTEN/BELGIUM-EU-ENVIRONMENT-DIPLOMACY-CLIMATE,,"Wenn das Wort Wettbewerbsfähigkeit die Vorlage einer neue EU-Regelung zum Klimaschutz dominiert, ist offensichtlich, dass hier eine neue Priorität gesetzt wurde. In Zeiten wirtschaftlicher Verwerfung… [+3861 chars]",
4efb2a6c408b8c7a35e6d39b283f8285,2025-11-05T08:23:19Z,'Verkehrswende',www.businessinsider.de,de,0.7,Warum das Elektroauto nicht die Lösung der Verkehrswende ist,Die Elektromobilität kann nur der Anfang einer nachhaltigen Verkehrswende sein. Das System Verkehr in den Städten muss grundsätzlich überarbeitet werden.,https://www.businessinsider.de/gruenderszene/verkehrswende-durch-elektroautos-warum-das-zu-kurz-gedacht-ist/,https://cdn.businessinsider.de/wp-content/uploads/2025/10/B2023CW02843_web_1160.jpg?ver=1761127931,,Die Elektromobilität kann nur der Anfang einer nachhaltigen Verkehrswende sein. Das System Verkehr in den Städten muss grundsätzlich überarbeitet werden.Wer heute über die Zukunft der Mobilität spric… [+3712 chars],
12f0473b46c16320486b190c0cd6e713,2025-11-05T10:55:00Z,'Treibhausgase',www.nzz.ch,de,0.7,Aus Angst um die Industrie: Die EU verwässert die Klimapolitik,"Nach stundenlangen Diskussionen haben sich die Eu-Umweltminister auf Anpassungen bei der Klimapolitik geeinigt. Am Reduktionsziel für Treibhausgase halten sie zwar fest. Um es zu erreichen, dürfen die Länder aber die umstrittenen Umweltzertifikate verwenden.",https://www.nzz.ch/international/eu-verwaessert-klimaziele-vor-uno-klimakonferenz-und-erlaubt-umweltzertifikate-ld.1910193,"https://img.nzz.ch/2025/11/05/fbf51cf3-f993-4cff-a8c7-f2f84abf3fb8.jpg?width=1200&height=675&fit=bounds&quality=75&auto=webp&crop=5863,3298,x0,y0&wmark=nzz",,"Nach stundenlangen Diskussionen haben sich die EU-Umweltminister auf Anpassungen bei der Klimapolitik geeinigt. Am Reduktionsziel für Treibhausgase halten sie zwar fest. Um es zu erreichen, dürfen di… [+5841 chars]",
f0a948bfd3accfeb3ff22f77ba4eb252,2025-11-09T09:59:46Z,'Heiße Tage',www.bild.de,de,0.8,Heiße Tipps für kalte Tage - Hier ist es im November noch richtig warm,"Fuerteventura, Malta und andere Ziele bieten im November noch Sommerfeeling. Wir zeigen die besten Tipps.",https://www.bild.de/leben-wissen/reisen/von-malta-bis-athen-diese-reiseziele-sind-im-november-richtig-warm-68fa163f59e2e097507094cc,"https://images.bild.de/68fa163f59e2e097507094cc/6f9573f5d79f92b6cb8063fa7c902b33,302d61ea?w=1280",,"Wenn es in Deutschland nass, grau und kalt wird, wächst die Sehnsucht nach Sonne, Sand und Meer. Die gute Nachricht: Dafür muss man nicht mal weit fliegen.
Ob Europa oder Fernreise an diesen sechs R… [+1604 chars]",
ee8f936f6518880f39f97d97959b830e,2025-11-01T08:00:00Z,'Hitzetote',www.perlentaucher.de,de,0.9,9PUNKT - DIE DEBATTENRUNDSCHAU: Die anderen sind alle ganz andere,"""Eine starke Klimapolitik schafft erst die Möglichkeit, in der Entwicklungspolitik voranzukommen"", betont der Ökonom Ottmar Edenhofer im Zeit-Online-Interview als Reaktion auf einen Kommentar von Bill Gates zum Klimawandel. Die Massaker, die die RSF im Sudan …",https://www.perlentaucher.de/9punkt/2025-11-01.html,https://www.perlentaucher.de/static/img/perlentaucher-logo-512x.png,,"Kurz vor der bald stattfindenden Weltklimakonferenz überraschte Bill Gates mit einem Kommentar zum Klimawandel. Darin verurteilt er die herrschende ""Weltuntergangsstimmung"" - so schlimm wird es schon… [+2695 chars]",
490ca9195bcc278595046b0c43587950,2025-11-03T12:59:00Z,'Wasserknappheit',taz.de,de,0.9,Folgen der Dürre: Der Wasserschock in der Türkei,"Bursa und viele Regionen der Türkei leiden unter extremer Dürre, leeren Staudämmen und Wasserknappheit. Experten warnen vor langfristigem Mangel.",https://taz.de/Folgen-der-Duerre/!6126165/,https://taz.de/picture/8034300/1200/Tuerkei-Bursa-Wasserknappheit.jpeg,,"Bursa und viele Regionen der Türkei leiden unter extremer Dürre, leeren Staudämmen und Wasserknappheit. Experten warnen vor langfristigem Mangel. mehr...",
76fc34fc10cd70d650a2cdc6f4d9249f,2025-11-04T14:37:53Z,'Trockenheit',www.welt.de,de,0.9,"Wie Winzer versuchen, den Wein zu retten","Weltweit kämpfen Weinbauern zunehmend mit Trockenheit, Hitze und Frost. Damit der Wein in Deutschland auch in Zukunft schmeckt, arbeiten Forscher an einer neuen Herstellungsmethode. Vorbild können Winzer in Chile sein. Besuch auf einem Weingut.",https://www.welt.de/wissenschaft/article690328991118a64696446d9e/wein-in-gefahr-frueher-war-die-reihenfolge-klar-heute-reift-alles-durcheinander.html,https://images.welt.de/690328991118a64696446d9e/dfed45e45a9143506c37fd3bb41cfa1b/ci16x9-w1200/gettyimages-526617701-jpg,,"Weltweit kämpfen Weinbauern zunehmend mit Trockenheit, Hitze und Frost. Damit der Wein in Deutschland auch in Zukunft schmeckt, arbeiten Forscher an einer neuen Herstellungsmethode. Vorbild können Wi… [+9400 chars]",
f4314eb5a3f126fa457ea113e3fbb004,2025-11-08T14:45:44Z,'Wasserknappheit',www.diepresse.com,de,0.9,In Irans Hauptstadt Teheran wird abends das Wasser abgedreht,Insbesondere in der Millionenmetropole Teheran herrscht akute Wasserknappheit. Die Bevölkerung solle Wasserbehälter und Pumpen installieren.,https://www.diepresse.com/20283802/in-irans-hauptstadt-teheran-wird-abends-das-wasser-abgedreht,https://img.diepresse.com/public/incoming/8bqmr8-TOPSHOT-IRAN-IRAQ-WAR-ANNIVERSARY/alternates/DPR_SOCIAL_NACHRICHTEN/TOPSHOT-IRAN-IRAQ-WAR-ANNIVERSARY,,"Insbesondere in der Millionenmetropole Teheran herrscht akute Wasserknappheit. Die Bevölkerung solle Wasserbehälter und Pumpen installieren.
Angesichts der akuten Wasserkrise und der Trockenperiode … [+2012 chars]",
0ecc2302ccb7c9627c57a088731282b0,2025-11-08T20:21:24Z,'Wasserknappheit',www.bild.de,de,0.9,„Trinkwasser reicht nur noch zwei Wochen“ - Verdurstet der Iran?,"Die Wasserknappheit erreicht aktuell katastrophale Ausmaße, Teheran droht die Evakuierung, wenn es nicht sehr bald regnet.",https://www.bild.de/politik/ausland-und-internationales/trinkwasser-reicht-nur-noch-zwei-wochen-verdurstet-jetzt-der-iran-690dfe430a7608566ac564bc,"https://images.bild.de/690dfe430a7608566ac564bc/bb0a33c5c7604b6d80b9ee670d2ed64e,de9eaf6b?w=1280",,"Teheran  Es sind dramatische Wochen und Monate im Iran: Die Wasserknappheit aufgrund einer Dürre erreicht aktuell katastrophale Ausmaße, die so weit gehen, dass Präsident Masoud Pezeshkian (71) mittl… [+3510 chars]",
9156f8d46470ad881df0d0b82c3d4292,2025-11-09T23:01:07Z,'Klimawandel',www.stern.de,de,0.9,Klimawandel und Flüchtlinge: Klimawandel hat schon Millionen Menschen in Flucht getrieben,"Überschwemmungen, Hitze, Wasserknappheit: Die meisten Konfliktregionen sind auch von der Klimakrise stark betroffen. Was UNHCR-Chef Filippo Grandi jetzt von der Weltklimakonferenz fordert.",https://www.stern.de/politik/ausland/klimawandel-und-fluechtlinge--klimawandel-hat-schon-millionen-menschen-in-flucht-getrieben-36286158.html,https://image.stern.de/36286160/t/Jl/v1/w1440/r1.7778/-/10--uxdklusl3ov5axs2048jpeg---0e871c7240643498.jpg,,"Kopiere den aktuellen Link
Zur Merkliste hinzufügen
Überschwemmungen, Hitze, Wasserknappheit: Die meisten Konfliktregionen sind auch von der Klimakrise stark betroffen. Was UNHCR-Chef Filippo Grand… [+1742 chars]",
0a8958fe23c96be2782d0b900cc5bc8f,2025-11-09T23:01:07Z,'Klimawandel',www.zeit.de,de,0.9,Klimawandel und Flüchtlinge: Klimawandel hat schon Millionen Menschen in Flucht getrieben,Hier finden Sie Informationen zu dem Thema „Klimawandel und Flüchtlinge“. Lesen Sie jetzt „Klimawandel hat schon Millionen Menschen in Flucht getrieben“.,https://www.zeit.de/news/2025-11/10/klimawandel-hat-schon-millionen-menschen-in-flucht-getrieben,https://img.zeit.de/news/2025-11/10/klimawandel-hat-schon-millionen-menschen-in-flucht-getrieben-image-group/wide__1300x731,,Die Folgen des Klimawandels treiben Millionen Menschen weltweit in die Flucht. In den vergangenen zehn Jahren hätten rund 250 Millionen Menschen wegen Wetterkatastrophen aus ihren Dörfern und Städten… [+1508 chars],
ad74b529024ccef1333673725ee0c32a,2025-11-09T23:02:20Z,'Klimawandel',www.tagesspiegel.de,de,0.9,Allein in vergangenen zehn Jahren: Klimawandel hat rund 250 Millionen Menschen in die Flucht getrieben,Die Folgen des Klimawandels sind gerade in Konfliktregionen besonders zu spüren. Rechnerisch fliehen deshalb 70.000 Menschen pro Tag. Was UNHCR-Chef Grandi jetzt von der Weltklimakonferenz fordert.,https://www.tagesspiegel.de/internationales/allein-in-vergangenen-zehn-jahren-klimawandel-hat-rund-250-millionen-menschen-in-die-flucht-getrieben-14796476.html,https://www.tagesspiegel.de/images/14796473/alternates/BASE_16_9_W1400/1762729339000/flucht.jpeg,,Die Folgen des Klimawandels treiben Millionen Menschen weltweit in die Flucht. In den vergangenen zehn Jahren hätten rund 250 Millionen Menschen wegen Wetterkatastrophen aus ihren Dörfern und Städten… [+1862 chars],
9714856b51aa9c95a9de12288aa6da41,2025-11-09T23:02:20Z,'Wasserknappheit',www.tagesspiegel.de,de,0.9,Klimawandel und Flüchtlinge: Klimawandel hat schon Millionen Menschen in Flucht getrieben,"Überschwemmungen, Hitze, Wasserknappheit: Die meisten Konfliktregionen sind auch von der Klimakrise stark betroffen. Was UNHCR-Chef Filippo Grandi jetzt von der Weltklimakonferenz fordert.",https://www.tagesspiegel.de/internationales/klimawandel-und-fluchtlinge-klimawandel-hat-schon-millionen-menschen-in-flucht-getrieben-14796476.html,https://www.tagesspiegel.de/images/14796473/alternates/BASE_16_9_W1400/1762729339000/flucht.jpeg,,Die Folgen des Klimawandels treiben Millionen Menschen weltweit in die Flucht. In den vergangenen zehn Jahren hätten rund 250 Millionen Menschen wegen Wetterkatastrophen aus ihren Dörfern und Städten… [+1558 chars],
0d969fd1fd247373503a35e7d1ac1959,2025-11-10T04:42:19Z,'Wasserknappheit',www.faz.net,de,0.9,UN-Flüchtlingswerk: Klimawandel hat schon 250 Millionen Menschen in Flucht getrieben,"Überschwemmungen, Hitze, Wasserknappheit: Die meisten Konfliktregionen sind auch von der Klimakrise stark betroffen. Vor Beginn der Weltklimakonferenz in Brasilien fordert UNHCR-Chef Filippo Grandi „echte Maßnahmen statt leerer Versprechen“.",https://www.faz.net/aktuell/politik/ausland/klimawandel-hat-schon-millionen-menschen-in-flucht-getrieben-accg-110773086.html,https://media0.faz.net/ppmedia/w1200/aktuell/politik/3197952741/1.10773092/facebook_teaser/somalische-fluechtlinge-warten.jpg.webp,,Die Folgen des Klimawandels treiben Millionen Menschen weltweit in die Flucht. In den vergangenen zehn Jahren hätten rund 250 Millionen Menschen wegen Wetterkatastrophen aus ihren Dörfern und Städten… [+1457 chars],
57b86126c1da12ce421fc5aae9c7ac4b,2025-11-10T05:19:31Z,'Klimawandel',www.diepresse.com,de,0.9,Klimawandel treibt Millionen von Menschen weltweit in die Flucht,In den vergangenen zehn Jahren mussten rund 250 Millionen Menschen wegen Wetterkatastrophen aus ihren Dörfern und Städten fliehen - umgerechnet ergibt das 70.000 Menschen pro Tag.,https://www.diepresse.com/20286653/klimawandel-treibt-millionen-von-menschen-weltweit-in-die-flucht,https://img.diepresse.com/public/incoming/umgu67-imago839966614.jpg/alternates/DPR_SOCIAL_NACHRICHTEN/imago839966614.jpg,,"In den vergangenen zehn Jahren mussten rund 250 Millionen Menschen wegen Wetterkatastrophen aus ihren Dörfern und Städten fliehen - umgerechnet ergibt das 70.000 Menschen pro Tag.
Die Folgen des Kli… [+1655 chars]",
d4773bacd6a4dc2703ae8e0bc3feadbd,2025-11-11T20:30:00Z,'Hitzewelle',science.orf.at,de,0.9,Entwicklungsstaaten besonders betroffen,"Entwicklungsstaaten sind in den vergangenen 30 Jahren am verheerendsten von Wetterextremen wie Hitzewellen, Stürmen und Überflutungen getroffen worden. Dies zeigt der neue Klimarisiko-Index 2026, den die Umwelt- und Entwicklungsorganisation Germanwatch zur UN…",https://science.orf.at/stories/3232863/,https://ibs.orf.at/science?image=https%3A%2F%2Ftubestatic.orf.at%2Fmims%2F2022%2F35%2F20%2Fcrops%2Fw%3D1200%2Ch%3D627%2Cq%3D75%2F1469550_master_532220_1466826_opener_531061_unwetter_bilanz_bilder_gal09_a.jpg%3Fs%3D6282c9dc9c161cddfe28e8a94f59028f314a1199,,"Die Länder werden teilweise in so kurzen Abständen heimgesucht, dass sich ganze Regionen kaum noch von den Katastrophen erholen können, wie Co-Autorin Vera Künzel sagte. Das gelte speziell für Haiti,… [+2297 chars]",
dd11cd2de18eb735a117bdc9a03a67ca,2025-11-12T04:20:46Z,'Hitzetote',www.diepresse.com,de,0.9,Halbe Million Hitzetote: UNO-Aktionsplan soll Städte kühlen,"Die Chefin des UNO-Umweltprogramms UNEP, Inger Andersen, ist alarmiert. Auf der Weltklimakonferenz in Belém wirbt sie für die Initiative „Beat the Heat“.",https://www.diepresse.com/20295518/halbe-million-hitzetote-uno-aktionsplan-soll-staedte-kuehlen,https://img.diepresse.com/public/incoming/rg54d1-imago-images-0830420767/alternates/DPR_SOCIAL_NACHRICHTEN/imago%20images%200830420767,,"Die Chefin des UNO-Umweltprogramms UNEP, Inger Andersen, ist alarmiert. Auf der Weltklimakonferenz in Belém wirbt sie für die Initiative Beat the Heat.
Mit der Klimakrise kommen auch viel mehr tödli… [+1281 chars]",
592f497eb79d62e338dc107f8f3f29b5,2025-11-12T05:15:09Z,'Klimaanpassung',www.faz.net,de,0.9,Klimakonferenz in Brasilien: Die Welt ist noch zu retten – gerade so,"Die Internationale Energieagentur hält das 1,5-Grad-Ziel für erreichbar. Aber nur, wenn die Welt bis 2050 CO2-neutral wird. Wäre es nicht viel klüger, diese Illusion aufzugeben und mehr für die Klimaanpassung zu tun?",https://www.faz.net/aktuell/wirtschaft/klima-nachhaltigkeit/klimakonferenz-cop30-in-brasilien-1-5-grad-ziel-erreichbar-accg-110776473.html,https://media0.faz.net/ppmedia/w1200/aktuell/683736900/1.10776502/facebook_teaser/teilnehmer-der.jpg.webp,,"Der Elefant steht im Raum, und er ist grün. Auf der Weltklimakonferenz im brasilianischen Belém wird abseits der offiziellen Tagesordnung eine Frage besonders intensiv diskutiert: Sind die von den Mi… [+13225 chars]",
f600e35943e4c54c19a2486b34cc07dc,2025-11-12T05:40:37Z,'Hitzetote',orf.at,de,0.9,Halbe Million Hitzetote: UNO-Aktionsplan soll Städte kühlen,,https://orf.at/stories/3411274/,https://orf.at/mojo/1_4_1/storyserver//news/common/images/og-fallback-news.png,,"Mit der Klimakrise kommen auch viel mehr tödliche Hitzewellen auf die Menschen rund um den Planeten zu: Schon jetzt gibt es jährlich eine halbe Million Todesopfer weltweit, berichtete die Chefin des … [+1083 chars]",
4975b0eefcfc513f98ae1e3570ac4e5e,2025-11-12T05:59:00Z,'Hitzetote',www.stern.de,de,0.9,UN-Umweltprogramm: Halbe Million Hitzetote pro Jahr – Aktionsplan soll für Kühlung sorgen,Jährlich sterben laut UN-Umweltprogramm eine halbe Million Menschen an extremer Hitze. Ein neuer Aktionsplan soll Städte mit nachhaltigen Lösungen kühlen helfen.,https://www.stern.de/panorama/hitze-toetet-halbe-million-menschen-pro-jahr---un-plan-soll-helfen-36336436.html,https://image.stern.de/36336522/t/qZ/v5/w1440/r1.7778/-/hitze-symbolbild.jpg,,"Kopiere den aktuellen Link
Zur Merkliste hinzufügen
Jährlich sterben laut UN-Umweltprogramm eine halbe Million Menschen an extremer Hitze. Ein neuer Aktionsplan soll Städte mit nachhaltigen Lösunge… [+1326 chars]",
2291965a8d94cb6f5c1b7b4b02175745,2025-11-12T17:17:45Z,'Klimawandel',www.tagesspiegel.de,de,0.9,Weltweiter Anstieg der CO₂-Emissionen: Klimawandel spitzt sich zu – doch es gibt erste Fortschritte,"Während die weltweiten Emissionen neue Rekordwerte erreichen, zeigen China, Brasilien und die EU Fortschritte. Bei der Weltklimakonferenz steht nun die Frage im Raum: Reichen diese Entwicklungen aus, um die globalen Klimaziele zu erreichen?",https://www.tagesspiegel.de/wissen/weltweiter-anstieg-der-co2-emissionen-klimawandel-spitzt-sich-zu--doch-es-gibt-erste-fortschritte-14809343.html,https://www.tagesspiegel.de/images/14826047/alternates/BASE_16_9_W1400/1763025308000/emissionen-in-der-eu-weiter-gesunken.jpeg,,"Die Welt stößt weiterhin zu viel Kohlendioxid aus. Eine Trendwende bleibt aus: Auch 2025 steigen die globalen CO-Emissionen erneut auf voraussichtlich 42,2 Gigatonnen nach 41,6 Gigatonnen im Jahr 202… [+11936 chars]",
df7d8b8922431d8e6140dc1601a32592,2025-11-13T10:52:00Z,'Klimaneutralität',www.dw.com,de,0.9,COP 30: Was will Deutschland bei den Klimaverhandlungen?,Deutschland galt lange als Vorbild im Klimaschutz. Doch zu Hause setzt Kanzler Merz mehr auf Wachstum. Was heißt das für die globalen Klimaziele und die Verhandlungen in Brasilien? Gut 20 Stunden im Flugzeug für 21 Stunden Aufenthalt in Brasilien. Mit seinem …,https://www.dw.com/de/cop-30-was-will-deutschland-bei-den-klimaverhandlungen/a-74684760,https://static.dw.com/image/74663744_6.jpg,http://web.archive.org/web/20251115092130/https://www.dw.com/de/cop-30-was-will-deutschland-bei-den-klimaverhandlungen/a-74684760,"Gut 20 Stunden im Flugzeug für 21 Stunden Aufenthalt in Brasilien. Mit seinem Kurztrip zur Klimakonferenz COP30 wollte der deutsche Kanzler gleich zu Beginn zeigen, wie ernst er es meint mit dem Klim… [+7755 chars]",
c8d2a7a07682733107ff816b208197df,2025-11-13T15:00:00Z,'Wärmeperiode',www.spektrum.de,de,0.9,"Wetterkapriolen im November: Ungewöhnlich spät im Jahr erfasst eine Wärmeperiode das halbe Land – doch schon zu Wochenbeginn droht ein Wettersturz, der erste Schneeflocken bringt","Ungewöhnlich spät im Jahr erfasst eine Wärmewelle das halbe Land. Teils werden 20 Grad Celsius erreicht. Doch zu Wochenbeginn droht ein Wettersturz, der erste Schneeflocken bringt.",https://www.spektrum.de/news/wetter-im-november-nach-der-rekordwaerme-kommt-der-schnee/2295714,https://static.spektrum.de/fm/912/f1920x1080/GettyImages-942583684.jpg,,Der November 2025 schickt einen letzten Sommergruß. Zur Mitte des Monats weht sehr warme Mittelmeerluft nach Deutschland. Bis auf die bewölkte Nordhälfte ist es im ganzen Land noch einmal richtig son… [+7498 chars],
49f5a3a929deda9da89150571bebb949,2025-11-14T09:17:17Z,'Klimaneutralität',www.tagesspiegel.de,de,0.9,Koalitionsausschuss: Wegner feiert Milliardenpaket für Berlins Zukunft,"„Das gab es in dieser Form noch nie“: Berlins Koalition will Milliarden in Verkehr, Krankenhäuser und Klimaanpassung investieren. Das sagt der Regierende Bürgermeister dazu.",https://www.tagesspiegel.de/berlin/koalitionsausschuss-wegner-feiert-milliardenpaket-fur-berlins-zukunft-14838428.html,https://www.tagesspiegel.de/images/14840891/alternates/BASE_16_9_W1400/1763124380000/pressekonferenz-zu-sondervermogen-und-fluchtlingspolitik-berlin.jpeg,,Berlins Regierender Bürgermeister Kai Wegner (CDU) wertet die Einigung der Koalition auf die Verteilung milliardenschwerer Gelder vom Bund als großen Erfolg. Wir haben eine der größten Investitionsof… [+901 chars],
d7aeb7f03d7db1ef6cf49794230b1f52,2025-11-14T12:45:20Z,'Klimaneutralität',www.stern.de,de,0.9,Koalitionsausschuss: Wegner feiert Milliardenpaket für Berlins Zukunft,"""Das gab es in dieser Form noch nie"": Berlins Koalition will Milliarden in Verkehr, Krankenhäuser und Klimaanpassung investieren. Das sagt der Regierende Bürgermeister dazu.",https://www.stern.de/gesellschaft/regional/berlin-brandenburg/koalitionsausschuss--wegner-feiert-milliardenpaket-fuer-berlins-zukunft-36344912.html,https://image.stern.de/36345924/t/Xb/v1/w1440/r1.7778/-/14--m5oighonciv11axs2048jpeg---453870d148b31f66.jpg,,"Kopiere den aktuellen Link
Zur Merkliste hinzufügen
""Das gab es in dieser Form noch nie"": Berlins Koalition will Milliarden in Verkehr, Krankenhäuser und Klimaanpassung investieren. Das sagt der Re… [+1042 chars]",
f04cefd15900099d3799819c686760cb,2025-11-14T13:30:47Z,'Klimaneutralität',www.tagesspiegel.de,de,0.9,„Das gab es in dieser Form noch nie“: Wegner feiert Milliardenpaket für Berlins Zukunft,"Berlins Koalition will Milliarden in Verkehr, Krankenhäuser und Klimaanpassung investieren. Das sagt der Regierende Bürgermeister Kai Wegner dazu.",https://www.tagesspiegel.de/berlin/das-gab-es-in-dieser-form-noch-nie-wegner-feiert-milliardenpaket-fur-berlins-zukunft-14841725.html,https://www.tagesspiegel.de/images/14841614/alternates/BASE_16_9_W1400/1763126877000/pressekonferenz-zu-sondervermogen-und-fluchtlingspolitik-berlin.jpeg,,Berlins Regierender Bürgermeister Kai Wegner (CDU) wertet die Einigung der Koalition auf die Verteilung milliardenschwerer Gelder vom Bund als großen Erfolg. Wir haben eine der größten Investitionsof… [+919 chars],
32cce1720777176eb34bd90a79e03699,2025-11-14T16:49:39Z,'Klimaschutz',www.stern.de,de,0.9,Klimaprotest: Fridays For Future zieht mit buntem Protest durch Dresden,"Die Klimaschutzgruppe ruft in mehr als 60 Städten zu Aktionen auf. Auch in Dresden versammeln sich viele junge Leute, um gegen die weitere Nutzung fossiler Energieträger zu protestieren.",https://www.stern.de/gesellschaft/regional/sachsen/klimaprotest--fridays-for-future-zieht-mit-buntem-protest-durch-dresden-36346942.html,https://image.stern.de/36346944/t/Eb/v1/w1440/r1.7778/-/14--qemdekwd4qv8axs2048jpeg---387eb669cdec1497.jpg,,"Kopiere den aktuellen Link
Zur Merkliste hinzufügen
Die Klimaschutzgruppe ruft in mehr als 60 Städten zu Aktionen auf. Auch in Dresden versammeln sich viele junge Leute, um gegen die weitere Nutzun… [+1879 chars]",
2412d3375c6599973697b3dba1a515cb,2025-11-02T12:50:35Z,'Hochdruckgebiet',www.stern.de,de,1.0,"Wetter: 20,4 Grad in Garmisch zum Beginn der Herbstferien","Sonne in den Bergen, Nebel in den Tälern: In den Herbstferien breitet sich in Bayern ein Hochdruckgebiet aus. Der Deutsche Wetterdienst erwartet freundliches und schönes Wetter.",https://www.stern.de/gesellschaft/regional/bayern/wetter--20-4-grad-in-garmisch-zum-beginn-der-herbstferien-36182076.html,https://image.stern.de/36182078/t/fB/v1/w1440/r1.7778/-/02--j6aftytaryv4axs2048jpeg---4b3ae1f981d2f757.jpg,,"Kopiere den aktuellen Link
Zur Merkliste hinzufügen


Sonne in den Bergen, Nebel in den Tälern: In den Herbstferien breitet sich in Bayern ein Hochdruckgebiet aus. Der Deutsche Wetterdienst erwartet … [+1635 chars]",
d6454c8a3436d1ea3144d51cde15718d,2025-11-04T10:00:00Z,'Tropennächte',www.nzz.ch,de,1.0,"Tropennächte, Starkregen, weniger Schnee: Neue Szenarien zeigen, wie stark der Klimawandel die Schweiz verändert","Die Klimaszenarien zeigen in grösserem Detail als zuvor, wie die Erderwärmung das Land beeinflusst. Neben der Hitze dürften vor allem Veränderungen beim Niederschlag für Probleme sorgen.",https://www.nzz.ch/wissenschaft/schweizer-klimaszenarien-2025-temperaturanstieg-und-folgen-ld.1909399,"https://img.nzz.ch/2025/11/04/d064ec31-1a6e-4522-8b71-d27e6db5665d.png?width=1200&height=675&fit=bounds&quality=75&auto=webp&crop=1201,676,x0,y113&wmark=nzz",http://web.archive.org/web/20251107034409/https://www.nzz.ch/wissenschaft/schweizer-klimaszenarien-2025-temperaturanstieg-und-folgen-ld.1909399,Selbst im November laden in diesen Tagen Temperaturen bis 15 Grad zum Flanieren ein. Auch dem Laien schwant: Solche Wetterbedingungen sind dank dem Klimawandel wahrscheinlicher geworden. Wie sich das… [+5891 chars],
